Position,Company,Location,URL
Full Stack Engineer,Avante IO,ğŸŒ North America,https://remoteok.com/l/213836
AI engineer,Sticker Mule,ğŸŒ Worldwide,https://remoteok.com/l/213158
Fullstack developer senior,CloudDevs,ğŸ‡ªğŸ‡º Europe,https://remoteok.com/l/207318
Senior Backend Python Developer,Proxify,ğŸŒ Worldwide,https://remoteok.com/l/206355
Workflow Automation Specialist,Opzer.co,ğŸŒ Worldwide,https://remoteok.com/l/202539
Data Engineer,Art Blocks,Worldwide,https://remoteok.com/l/201880
Data Engineer Intern,DeFiner,Worldwide,https://remoteok.com/l/199886
Data Engineer,Scalapay,Barcelona,https://remoteok.com/l/188410
Engineer Golang Python,FinCompare,ğŸŒ Probably worldwide,https://remoteok.com/l/183780
Senior DevOps Engineer,Twist Bioscience,ğŸ‡ºğŸ‡¸ United States,https://remoteok.com/l/167248
Senior Software Engineer Test Hybrid,SonicWall,ğŸ‡ºğŸ‡¸ United States,https://remoteok.com/l/166721
Penetration Tester,ScienceLogic,ğŸ‡ºğŸ‡¸ United States,https://remoteok.com/l/164585
Senior Site Reliability Expert,Lightspeed Commerce,ğŸ‡ºğŸ‡¸ United States,https://remoteok.com/l/163296
Online Technology Intern,PlayStation Global,ğŸŒ Probably worldwide,https://remoteok.com/l/157134
Lead Data Engineer,ICF,Austin, TX,https://remoteok.com/l/156917
Technical Lead Data Pipeline GPU Python C+,Planet,ğŸ‡ºğŸ‡¸ United States,https://remoteok.com/l/156908
Solution Architect,ICF,St. Louis, MO,https://remoteok.com/l/156887
IT Manager,Civis Analytics,ğŸ‡ºğŸ‡¸ United States,https://remoteok.com/l/151380
Security Automation Engineer,KnowBe4,ğŸ‡ºğŸ‡¸ United States,https://remoteok.com/l/149809
Principal Full Stack Developer,Tailorbird  Inc.,ğŸ‡®ğŸ‡³ India,https://remoteok.com/l/149437
Senior Python Engineer: Long-term job - 100% remote,Proxify AB,Anywhere in the World,https://weworkemotely.com/remote-jobs/proxify-ab-senior-python-engineer-long-term-job-100-remote
Full Stack Software Engineer (React / Python),Trustworthy,Anywhere in the World,https://weworkemotely.com/remote-jobs/trustworthy-full-stack-software-engineer-react-python
Senior Open Source Developer & DevOps (Python  Django  React  AWS/OpenStack),OpenCraft,Anywhere in the World,https://weworkemotely.com/remote-jobs/opencraft-senior-open-source-developer-devops-python-django-react-aws-openstack
Senior Python Engineer (Django),Parallel,USA Only,https://weworkemotely.com/remote-jobs/parallel-senior-python-engineer-django
Senior Backend Engineer (Python),TestGorilla,Anywhere in the World,https://weworkemotely.com/remote-jobs/testgorilla-senior-backend-engineer-python-10
Python Platform Engineer,Doximity,Americas Only,https://weworkemotely.com/remote-jobs/doximity-python-platform-engineer
Software Engineer in Test â€“ Python â€“ Cyprus  Greece or Remote,XM,Anywhere in the World,https://weworkemotely.com/remote-jobs/xm-software-engineer-in-test-python-cyprus-greece-or-remote-2
